[{"model": "articles.categorytag", "pk": 1, "fields": {"tag": 2, "content_object": 9}}, {"model": "resources.categorytag", "pk": 1, "fields": {"tag": 1, "content_object": 4}}, {"model": "resources.categorytag", "pk": 3, "fields": {"tag": 2, "content_object": 5}}, {"model": "resources.categorytag", "pk": 6, "fields": {"tag": 2, "content_object": 7}}, {"model": "resources.categorytag", "pk": 7, "fields": {"tag": 8, "content_object": 8}}, {"model": "resources.categorytag", "pk": 8, "fields": {"tag": 2, "content_object": 6}}, {"model": "resources.audiencetag", "pk": 1, "fields": {"tag": 2, "content_object": 4}}, {"model": "resources.audiencetag", "pk": 5, "fields": {"tag": 3, "content_object": 5}}, {"model": "resources.audiencetag", "pk": 6, "fields": {"tag": 4, "content_object": 5}}, {"model": "resources.audiencetag", "pk": 7, "fields": {"tag": 3, "content_object": 6}}, {"model": "resources.contenttag", "pk": 1, "fields": {"tag": 3, "content_object": 4}}, {"model": "resources.contenttag", "pk": 3, "fields": {"tag": 1, "content_object": 5}}, {"model": "resources.contenttag", "pk": 6, "fields": {"tag": 5, "content_object": 7}}, {"model": "resources.contenttag", "pk": 7, "fields": {"tag": 6, "content_object": 7}}, {"model": "resources.contenttag", "pk": 8, "fields": {"tag": 1, "content_object": 8}}, {"model": "resources.contenttag", "pk": 9, "fields": {"tag": 7, "content_object": 8}}, {"model": "wagtailcore.site", "pk": 2, "fields": {"hostname": "localhost", "port": 80, "site_name": null, "root_page": 3, "is_default_site": true}}, {"model": "wagtailcore.collection", "pk": 1, "fields": {"path": "0001", "depth": 1, "numchild": 0, "name": "Root"}}, {"model": "taggit.tag", "pk": 1, "fields": {"name": "free", "slug": "free"}}, {"model": "taggit.tag", "pk": 2, "fields": {"name": "insomnia", "slug": "insomnia"}}, {"model": "taggit.tag", "pk": 3, "fields": {"name": "men", "slug": "men"}}, {"model": "taggit.tag", "pk": 4, "fields": {"name": "women", "slug": "women"}}, {"model": "taggit.tag", "pk": 5, "fields": {"name": "course", "slug": "course"}}, {"model": "taggit.tag", "pk": 6, "fields": {"name": "paid", "slug": "paid"}}, {"model": "taggit.tag", "pk": 7, "fields": {"name": "blog", "slug": "blog"}}, {"model": "taggit.tag", "pk": 8, "fields": {"name": "fatigue", "slug": "fatigue"}}, {"model": "contenttypes.contenttype", "pk": 1, "fields": {"app_label": "wagtailcore", "model": "page"}}, {"model": "contenttypes.contenttype", "pk": 2, "fields": {"app_label": "home", "model": "homepage"}}, {"model": "contenttypes.contenttype", "pk": 3, "fields": {"app_label": "wagtailadmin", "model": "admin"}}, {"model": "contenttypes.contenttype", "pk": 4, "fields": {"app_label": "wagtaildocs", "model": "document"}}, {"model": "contenttypes.contenttype", "pk": 5, "fields": {"app_label": "wagtailimages", "model": "image"}}, {"model": "contenttypes.contenttype", "pk": 6, "fields": {"app_label": "articles", "model": "audiencetag"}}, {"model": "contenttypes.contenttype", "pk": 7, "fields": {"app_label": "articles", "model": "articlepage"}}, {"model": "contenttypes.contenttype", "pk": 8, "fields": {"app_label": "articles", "model": "categorytag"}}, {"model": "contenttypes.contenttype", "pk": 9, "fields": {"app_label": "articles", "model": "contenttag"}}, {"model": "contenttypes.contenttype", "pk": 10, "fields": {"app_label": "resources", "model": "contenttag"}}, {"model": "contenttypes.contenttype", "pk": 11, "fields": {"app_label": "resources", "model": "resourcepage"}}, {"model": "contenttypes.contenttype", "pk": 12, "fields": {"app_label": "resources", "model": "audiencetag"}}, {"model": "contenttypes.contenttype", "pk": 13, "fields": {"app_label": "resources", "model": "categorytag"}}, {"model": "contenttypes.contenttype", "pk": 14, "fields": {"app_label": "wagtailforms", "model": "formsubmission"}}, {"model": "contenttypes.contenttype", "pk": 15, "fields": {"app_label": "wagtailredirects", "model": "redirect"}}, {"model": "contenttypes.contenttype", "pk": 16, "fields": {"app_label": "wagtailembeds", "model": "embed"}}, {"model": "contenttypes.contenttype", "pk": 17, "fields": {"app_label": "wagtailusers", "model": "userprofile"}}, {"model": "contenttypes.contenttype", "pk": 18, "fields": {"app_label": "wagtailimages", "model": "filter"}}, {"model": "contenttypes.contenttype", "pk": 19, "fields": {"app_label": "wagtailimages", "model": "rendition"}}, {"model": "contenttypes.contenttype", "pk": 20, "fields": {"app_label": "wagtailsearch", "model": "query"}}, {"model": "contenttypes.contenttype", "pk": 21, "fields": {"app_label": "wagtailsearch", "model": "querydailyhits"}}, {"model": "contenttypes.contenttype", "pk": 22, "fields": {"app_label": "wagtailcore", "model": "grouppagepermission"}}, {"model": "contenttypes.contenttype", "pk": 23, "fields": {"app_label": "wagtailcore", "model": "collection"}}, {"model": "contenttypes.contenttype", "pk": 24, "fields": {"app_label": "wagtailcore", "model": "site"}}, {"model": "contenttypes.contenttype", "pk": 25, "fields": {"app_label": "wagtailcore", "model": "pageviewrestriction"}}, {"model": "contenttypes.contenttype", "pk": 26, "fields": {"app_label": "wagtailcore", "model": "groupcollectionpermission"}}, {"model": "contenttypes.contenttype", "pk": 27, "fields": {"app_label": "wagtailcore", "model": "pagerevision"}}, {"model": "contenttypes.contenttype", "pk": 28, "fields": {"app_label": "taggit", "model": "taggeditem"}}, {"model": "contenttypes.contenttype", "pk": 29, "fields": {"app_label": "taggit", "model": "tag"}}, {"model": "contenttypes.contenttype", "pk": 30, "fields": {"app_label": "admin", "model": "logentry"}}, {"model": "contenttypes.contenttype", "pk": 31, "fields": {"app_label": "auth", "model": "permission"}}, {"model": "contenttypes.contenttype", "pk": 32, "fields": {"app_label": "auth", "model": "user"}}, {"model": "contenttypes.contenttype", "pk": 33, "fields": {"app_label": "auth", "model": "group"}}, {"model": "contenttypes.contenttype", "pk": 34, "fields": {"app_label": "contenttypes", "model": "contenttype"}}, {"model": "contenttypes.contenttype", "pk": 35, "fields": {"app_label": "sessions", "model": "session"}}, {"model": "contenttypes.contenttype", "pk": 36, "fields": {"app_label": "articles", "model": "articlepagetag"}}, {"model": "sessions.session", "pk": "23rsqtoqmo2wfoineb4c8y3blnd4uwpt", "fields": {"session_data": "YjhjMjIzNjQ0NDc1ODBjZjEyZTA5OGQ3N2YzOWExNDhiODA2OTc3Nzp7Il9hdXRoX3VzZXJfaWQiOiIxIiwiX2F1dGhfdXNlcl9iYWNrZW5kIjoiZGphbmdvLmNvbnRyaWIuYXV0aC5iYWNrZW5kcy5Nb2RlbEJhY2tlbmQiLCJfYXV0aF91c2VyX2hhc2giOiI2ZGRmOGRmMzBiNWNkOTkxZTU0NDVkMGU5YWI2NDkwY2YxMjNlYTgzIn0=", "expire_date": "2017-05-11T10:31:38.001Z"}}, {"model": "sessions.session", "pk": "o4pa1hxjuls7ppgek96329qzb86rq8or", "fields": {"session_data": "YjhjMjIzNjQ0NDc1ODBjZjEyZTA5OGQ3N2YzOWExNDhiODA2OTc3Nzp7Il9hdXRoX3VzZXJfaWQiOiIxIiwiX2F1dGhfdXNlcl9iYWNrZW5kIjoiZGphbmdvLmNvbnRyaWIuYXV0aC5iYWNrZW5kcy5Nb2RlbEJhY2tlbmQiLCJfYXV0aF91c2VyX2hhc2giOiI2ZGRmOGRmMzBiNWNkOTkxZTU0NDVkMGU5YWI2NDkwY2YxMjNlYTgzIn0=", "expire_date": "2017-05-18T10:27:00.423Z"}}, {"model": "sessions.session", "pk": "r45vx2coe43yeb1d6wdkh1ftwn02m2b5", "fields": {"session_data": "NDgwYWQwZDgyNTdkZWMxMmZmYWZmYmViZDM0M2RkY2VkNGY1NWIwMzp7Il9hdXRoX3VzZXJfaGFzaCI6IjVkZDBkYTI3MWVhZDM3OGVkMDc3MTMxOGZiMTY1OWE5M2RiNmM1M2UiLCJfYXV0aF91c2VyX2JhY2tlbmQiOiJkamFuZ28uY29udHJpYi5hdXRoLmJhY2tlbmRzLk1vZGVsQmFja2VuZCIsIl9hdXRoX3VzZXJfaWQiOiIxIn0=", "expire_date": "2017-05-12T11:44:00.775Z"}}, {"model": "auth.permission", "pk": 1, "fields": {"name": "Can access Wagtail admin", "content_type": 3, "codename": "access_admin"}}, {"model": "auth.permission", "pk": 2, "fields": {"name": "Can add document", "content_type": 4, "codename": "add_document"}}, {"model": "auth.permission", "pk": 3, "fields": {"name": "Can change document", "content_type": 4, "codename": "change_document"}}, {"model": "auth.permission", "pk": 4, "fields": {"name": "Can delete document", "content_type": 4, "codename": "delete_document"}}, {"model": "auth.permission", "pk": 5, "fields": {"name": "Can add image", "content_type": 5, "codename": "add_image"}}, {"model": "auth.permission", "pk": 6, "fields": {"name": "Can change image", "content_type": 5, "codename": "change_image"}}, {"model": "auth.permission", "pk": 7, "fields": {"name": "Can delete image", "content_type": 5, "codename": "delete_image"}}, {"model": "auth.permission", "pk": 8, "fields": {"name": "Can add home page", "content_type": 2, "codename": "add_homepage"}}, {"model": "auth.permission", "pk": 9, "fields": {"name": "Can change home page", "content_type": 2, "codename": "change_homepage"}}, {"model": "auth.permission", "pk": 10, "fields": {"name": "Can delete home page", "content_type": 2, "codename": "delete_homepage"}}, {"model": "auth.permission", "pk": 11, "fields": {"name": "Can add audience tag", "content_type": 6, "codename": "add_audiencetag"}}, {"model": "auth.permission", "pk": 12, "fields": {"name": "Can change audience tag", "content_type": 6, "codename": "change_audiencetag"}}, {"model": "auth.permission", "pk": 13, "fields": {"name": "Can delete audience tag", "content_type": 6, "codename": "delete_audiencetag"}}, {"model": "auth.permission", "pk": 14, "fields": {"name": "Can add Article", "content_type": 7, "codename": "add_articlepage"}}, {"model": "auth.permission", "pk": 15, "fields": {"name": "Can change Article", "content_type": 7, "codename": "change_articlepage"}}, {"model": "auth.permission", "pk": 16, "fields": {"name": "Can delete Article", "content_type": 7, "codename": "delete_articlepage"}}, {"model": "auth.permission", "pk": 17, "fields": {"name": "Can add category tag", "content_type": 8, "codename": "add_categorytag"}}, {"model": "auth.permission", "pk": 18, "fields": {"name": "Can change category tag", "content_type": 8, "codename": "change_categorytag"}}, {"model": "auth.permission", "pk": 19, "fields": {"name": "Can delete category tag", "content_type": 8, "codename": "delete_categorytag"}}, {"model": "auth.permission", "pk": 20, "fields": {"name": "Can add content tag", "content_type": 9, "codename": "add_contenttag"}}, {"model": "auth.permission", "pk": 21, "fields": {"name": "Can change content tag", "content_type": 9, "codename": "change_contenttag"}}, {"model": "auth.permission", "pk": 22, "fields": {"name": "Can delete content tag", "content_type": 9, "codename": "delete_contenttag"}}, {"model": "auth.permission", "pk": 23, "fields": {"name": "Can add content tag", "content_type": 10, "codename": "add_contenttag"}}, {"model": "auth.permission", "pk": 24, "fields": {"name": "Can change content tag", "content_type": 10, "codename": "change_contenttag"}}, {"model": "auth.permission", "pk": 25, "fields": {"name": "Can delete content tag", "content_type": 10, "codename": "delete_contenttag"}}, {"model": "auth.permission", "pk": 26, "fields": {"name": "Can add Resource", "content_type": 11, "codename": "add_resourcepage"}}, {"model": "auth.permission", "pk": 27, "fields": {"name": "Can change Resource", "content_type": 11, "codename": "change_resourcepage"}}, {"model": "auth.permission", "pk": 28, "fields": {"name": "Can delete Resource", "content_type": 11, "codename": "delete_resourcepage"}}, {"model": "auth.permission", "pk": 29, "fields": {"name": "Can add audience tag", "content_type": 12, "codename": "add_audiencetag"}}, {"model": "auth.permission", "pk": 30, "fields": {"name": "Can change audience tag", "content_type": 12, "codename": "change_audiencetag"}}, {"model": "auth.permission", "pk": 31, "fields": {"name": "Can delete audience tag", "content_type": 12, "codename": "delete_audiencetag"}}, {"model": "auth.permission", "pk": 32, "fields": {"name": "Can add category tag", "content_type": 13, "codename": "add_categorytag"}}, {"model": "auth.permission", "pk": 33, "fields": {"name": "Can change category tag", "content_type": 13, "codename": "change_categorytag"}}, {"model": "auth.permission", "pk": 34, "fields": {"name": "Can delete category tag", "content_type": 13, "codename": "delete_categorytag"}}, {"model": "auth.permission", "pk": 35, "fields": {"name": "Can add form submission", "content_type": 14, "codename": "add_formsubmission"}}, {"model": "auth.permission", "pk": 36, "fields": {"name": "Can change form submission", "content_type": 14, "codename": "change_formsubmission"}}, {"model": "auth.permission", "pk": 37, "fields": {"name": "Can delete form submission", "content_type": 14, "codename": "delete_formsubmission"}}, {"model": "auth.permission", "pk": 38, "fields": {"name": "Can add redirect", "content_type": 15, "codename": "add_redirect"}}, {"model": "auth.permission", "pk": 39, "fields": {"name": "Can change redirect", "content_type": 15, "codename": "change_redirect"}}, {"model": "auth.permission", "pk": 40, "fields": {"name": "Can delete redirect", "content_type": 15, "codename": "delete_redirect"}}, {"model": "auth.permission", "pk": 41, "fields": {"name": "Can add embed", "content_type": 16, "codename": "add_embed"}}, {"model": "auth.permission", "pk": 42, "fields": {"name": "Can change embed", "content_type": 16, "codename": "change_embed"}}, {"model": "auth.permission", "pk": 43, "fields": {"name": "Can delete embed", "content_type": 16, "codename": "delete_embed"}}, {"model": "auth.permission", "pk": 44, "fields": {"name": "Can add user profile", "content_type": 17, "codename": "add_userprofile"}}, {"model": "auth.permission", "pk": 45, "fields": {"name": "Can change user profile", "content_type": 17, "codename": "change_userprofile"}}, {"model": "auth.permission", "pk": 46, "fields": {"name": "Can delete user profile", "content_type": 17, "codename": "delete_userprofile"}}, {"model": "auth.permission", "pk": 47, "fields": {"name": "Can add filter", "content_type": 18, "codename": "add_filter"}}, {"model": "auth.permission", "pk": 48, "fields": {"name": "Can change filter", "content_type": 18, "codename": "change_filter"}}, {"model": "auth.permission", "pk": 49, "fields": {"name": "Can delete filter", "content_type": 18, "codename": "delete_filter"}}, {"model": "auth.permission", "pk": 50, "fields": {"name": "Can add rendition", "content_type": 19, "codename": "add_rendition"}}, {"model": "auth.permission", "pk": 51, "fields": {"name": "Can change rendition", "content_type": 19, "codename": "change_rendition"}}, {"model": "auth.permission", "pk": 52, "fields": {"name": "Can delete rendition", "content_type": 19, "codename": "delete_rendition"}}, {"model": "auth.permission", "pk": 53, "fields": {"name": "Can add query", "content_type": 20, "codename": "add_query"}}, {"model": "auth.permission", "pk": 54, "fields": {"name": "Can change query", "content_type": 20, "codename": "change_query"}}, {"model": "auth.permission", "pk": 55, "fields": {"name": "Can delete query", "content_type": 20, "codename": "delete_query"}}, {"model": "auth.permission", "pk": 56, "fields": {"name": "Can add Query Daily Hits", "content_type": 21, "codename": "add_querydailyhits"}}, {"model": "auth.permission", "pk": 57, "fields": {"name": "Can change Query Daily Hits", "content_type": 21, "codename": "change_querydailyhits"}}, {"model": "auth.permission", "pk": 58, "fields": {"name": "Can delete Query Daily Hits", "content_type": 21, "codename": "delete_querydailyhits"}}, {"model": "auth.permission", "pk": 59, "fields": {"name": "Can add page", "content_type": 1, "codename": "add_page"}}, {"model": "auth.permission", "pk": 60, "fields": {"name": "Can change page", "content_type": 1, "codename": "change_page"}}, {"model": "auth.permission", "pk": 61, "fields": {"name": "Can delete page", "content_type": 1, "codename": "delete_page"}}, {"model": "auth.permission", "pk": 62, "fields": {"name": "Can add group page permission", "content_type": 22, "codename": "add_grouppagepermission"}}, {"model": "auth.permission", "pk": 63, "fields": {"name": "Can change group page permission", "content_type": 22, "codename": "change_grouppagepermission"}}, {"model": "auth.permission", "pk": 64, "fields": {"name": "Can delete group page permission", "content_type": 22, "codename": "delete_grouppagepermission"}}, {"model": "auth.permission", "pk": 65, "fields": {"name": "Can add collection", "content_type": 23, "codename": "add_collection"}}, {"model": "auth.permission", "pk": 66, "fields": {"name": "Can change collection", "content_type": 23, "codename": "change_collection"}}, {"model": "auth.permission", "pk": 67, "fields": {"name": "Can delete collection", "content_type": 23, "codename": "delete_collection"}}, {"model": "auth.permission", "pk": 68, "fields": {"name": "Can add site", "content_type": 24, "codename": "add_site"}}, {"model": "auth.permission", "pk": 69, "fields": {"name": "Can change site", "content_type": 24, "codename": "change_site"}}, {"model": "auth.permission", "pk": 70, "fields": {"name": "Can delete site", "content_type": 24, "codename": "delete_site"}}, {"model": "auth.permission", "pk": 71, "fields": {"name": "Can add page view restriction", "content_type": 25, "codename": "add_pageviewrestriction"}}, {"model": "auth.permission", "pk": 72, "fields": {"name": "Can change page view restriction", "content_type": 25, "codename": "change_pageviewrestriction"}}, {"model": "auth.permission", "pk": 73, "fields": {"name": "Can delete page view restriction", "content_type": 25, "codename": "delete_pageviewrestriction"}}, {"model": "auth.permission", "pk": 74, "fields": {"name": "Can add group collection permission", "content_type": 26, "codename": "add_groupcollectionpermission"}}, {"model": "auth.permission", "pk": 75, "fields": {"name": "Can change group collection permission", "content_type": 26, "codename": "change_groupcollectionpermission"}}, {"model": "auth.permission", "pk": 76, "fields": {"name": "Can delete group collection permission", "content_type": 26, "codename": "delete_groupcollectionpermission"}}, {"model": "auth.permission", "pk": 77, "fields": {"name": "Can add page revision", "content_type": 27, "codename": "add_pagerevision"}}, {"model": "auth.permission", "pk": 78, "fields": {"name": "Can change page revision", "content_type": 27, "codename": "change_pagerevision"}}, {"model": "auth.permission", "pk": 79, "fields": {"name": "Can delete page revision", "content_type": 27, "codename": "delete_pagerevision"}}, {"model": "auth.permission", "pk": 80, "fields": {"name": "Can add Tagged Item", "content_type": 28, "codename": "add_taggeditem"}}, {"model": "auth.permission", "pk": 81, "fields": {"name": "Can change Tagged Item", "content_type": 28, "codename": "change_taggeditem"}}, {"model": "auth.permission", "pk": 82, "fields": {"name": "Can delete Tagged Item", "content_type": 28, "codename": "delete_taggeditem"}}, {"model": "auth.permission", "pk": 83, "fields": {"name": "Can add Tag", "content_type": 29, "codename": "add_tag"}}, {"model": "auth.permission", "pk": 84, "fields": {"name": "Can change Tag", "content_type": 29, "codename": "change_tag"}}, {"model": "auth.permission", "pk": 85, "fields": {"name": "Can delete Tag", "content_type": 29, "codename": "delete_tag"}}, {"model": "auth.permission", "pk": 86, "fields": {"name": "Can add log entry", "content_type": 30, "codename": "add_logentry"}}, {"model": "auth.permission", "pk": 87, "fields": {"name": "Can change log entry", "content_type": 30, "codename": "change_logentry"}}, {"model": "auth.permission", "pk": 88, "fields": {"name": "Can delete log entry", "content_type": 30, "codename": "delete_logentry"}}, {"model": "auth.permission", "pk": 89, "fields": {"name": "Can add permission", "content_type": 31, "codename": "add_permission"}}, {"model": "auth.permission", "pk": 90, "fields": {"name": "Can change permission", "content_type": 31, "codename": "change_permission"}}, {"model": "auth.permission", "pk": 91, "fields": {"name": "Can delete permission", "content_type": 31, "codename": "delete_permission"}}, {"model": "auth.permission", "pk": 92, "fields": {"name": "Can add user", "content_type": 32, "codename": "add_user"}}, {"model": "auth.permission", "pk": 93, "fields": {"name": "Can change user", "content_type": 32, "codename": "change_user"}}, {"model": "auth.permission", "pk": 94, "fields": {"name": "Can delete user", "content_type": 32, "codename": "delete_user"}}, {"model": "auth.permission", "pk": 95, "fields": {"name": "Can add group", "content_type": 33, "codename": "add_group"}}, {"model": "auth.permission", "pk": 96, "fields": {"name": "Can change group", "content_type": 33, "codename": "change_group"}}, {"model": "auth.permission", "pk": 97, "fields": {"name": "Can delete group", "content_type": 33, "codename": "delete_group"}}, {"model": "auth.permission", "pk": 98, "fields": {"name": "Can add content type", "content_type": 34, "codename": "add_contenttype"}}, {"model": "auth.permission", "pk": 99, "fields": {"name": "Can change content type", "content_type": 34, "codename": "change_contenttype"}}, {"model": "auth.permission", "pk": 100, "fields": {"name": "Can delete content type", "content_type": 34, "codename": "delete_contenttype"}}, {"model": "auth.permission", "pk": 101, "fields": {"name": "Can add session", "content_type": 35, "codename": "add_session"}}, {"model": "auth.permission", "pk": 102, "fields": {"name": "Can change session", "content_type": 35, "codename": "change_session"}}, {"model": "auth.permission", "pk": 103, "fields": {"name": "Can delete session", "content_type": 35, "codename": "delete_session"}}, {"model": "auth.permission", "pk": 104, "fields": {"name": "Can add article page tag", "content_type": 36, "codename": "add_articlepagetag"}}, {"model": "auth.permission", "pk": 105, "fields": {"name": "Can change article page tag", "content_type": 36, "codename": "change_articlepagetag"}}, {"model": "auth.permission", "pk": 106, "fields": {"name": "Can delete article page tag", "content_type": 36, "codename": "delete_articlepagetag"}}, {"model": "auth.group", "pk": 1, "fields": {"name": "Moderators", "permissions": [1, 2, 3, 4, 5, 6, 7]}}, {"model": "auth.group", "pk": 2, "fields": {"name": "Editors", "permissions": [1, 2, 3, 4, 5, 6, 7]}}, {"model": "auth.user", "pk": 1, "fields": {"password": "bcrypt_sha256$$2b$12$c9.9hACQUS8WqioV0/DoZujDp5bL.2GqQkdY1/LI69Eqa6A6Fvtq6", "last_login": "2017-05-04T10:27:00.415Z", "is_superuser": true, "username": "user", "first_name": "", "last_name": "", "email": "user@user.com", "is_staff": true, "is_active": true, "date_joined": "2017-04-27T10:31:13.100Z", "groups": [], "user_permissions": []}}, {"model": "auth.user", "pk": 2, "fields": {"password": "bcrypt_sha256$$2b$12$uk9gmdWdQngiGsAO2qhX2OGBJPeQXZNk1uMu3wxo0Fz1LEqv.HFFK", "last_login": "2017-04-28T11:44:00.772Z", "is_superuser": true, "username": "daniel", "first_name": "", "last_name": "", "email": "", "is_staff": true, "is_active": true, "date_joined": "2017-04-28T11:43:48.652Z", "groups": [], "user_permissions": []}}, {"model": "wagtailcore.groupcollectionpermission", "pk": 1, "fields": {"group": 1, "collection": 1, "permission": 2}}, {"model": "wagtailcore.groupcollectionpermission", "pk": 2, "fields": {"group": 2, "collection": 1, "permission": 2}}, {"model": "wagtailcore.groupcollectionpermission", "pk": 3, "fields": {"group": 1, "collection": 1, "permission": 3}}, {"model": "wagtailcore.groupcollectionpermission", "pk": 4, "fields": {"group": 2, "collection": 1, "permission": 3}}, {"model": "wagtailcore.groupcollectionpermission", "pk": 5, "fields": {"group": 1, "collection": 1, "permission": 5}}, {"model": "wagtailcore.groupcollectionpermission", "pk": 6, "fields": {"group": 2, "collection": 1, "permission": 5}}, {"model": "wagtailcore.groupcollectionpermission", "pk": 7, "fields": {"group": 1, "collection": 1, "permission": 6}}, {"model": "wagtailcore.groupcollectionpermission", "pk": 8, "fields": {"group": 2, "collection": 1, "permission": 6}}, {"model": "wagtailcore.grouppagepermission", "pk": 1, "fields": {"group": 1, "page": 1, "permission_type": "add"}}, {"model": "wagtailcore.grouppagepermission", "pk": 2, "fields": {"group": 1, "page": 1, "permission_type": "edit"}}, {"model": "wagtailcore.grouppagepermission", "pk": 3, "fields": {"group": 1, "page": 1, "permission_type": "publish"}}, {"model": "wagtailcore.grouppagepermission", "pk": 4, "fields": {"group": 2, "page": 1, "permission_type": "add"}}, {"model": "wagtailcore.grouppagepermission", "pk": 5, "fields": {"group": 2, "page": 1, "permission_type": "edit"}}, {"model": "wagtailcore.grouppagepermission", "pk": 6, "fields": {"group": 1, "page": 1, "permission_type": "lock"}}, {"model": "wagtailcore.pagerevision", "pk": 1, "fields": {"page": 4, "submitted_for_moderation": false, "created_at": "2017-04-28T11:44:12.865Z", "user": 2, "content_json": "{\"search_description\": \"\", \"owner\": 1, \"latest_revision_created_at\": null, \"go_live_at\": null, \"title\": \"Resources\", \"seo_title\": \"\", \"slug\": \"resources\", \"live\": true, \"has_unpublished_changes\": false, \"body\": \"\", \"numchild\": 0, \"content_type\": 2, \"show_in_menus\": false, \"path\": \"000100010001\", \"url_path\": \"/home/resources/\", \"expired\": false, \"pk\": 4, \"locked\": false, \"footer\": \"\", \"depth\": 3, \"first_published_at\": null, \"expire_at\": null}", "approved_go_live_at": null}}, {"model": "wagtailcore.pagerevision", "pk": 2, "fields": {"page": 5, "submitted_for_moderation": false, "created_at": "2017-04-28T11:44:47.219Z", "user": 2, "content_json": "{\"search_description\": \"\", \"owner\": 1, \"tagged_audience_items\": [{\"pk\": 1, \"tag\": 3, \"content_object\": 5}, {\"pk\": 2, \"tag\": 4, \"content_object\": 5}], \"latest_revision_created_at\": null, \"go_live_at\": null, \"title\": \"Google\", \"seo_title\": \"\", \"slug\": \"google\", \"live\": true, \"has_unpublished_changes\": false, \"tagged_items\": [{\"pk\": 1, \"tag\": 2, \"content_object\": 5}], \"tagged_content_items\": [{\"pk\": 1, \"tag\": 1, \"content_object\": 5}], \"numchild\": 0, \"content_type\": 13, \"show_in_menus\": false, \"path\": \"0001000100010001\", \"url_path\": \"/home/resources/google/\", \"expired\": false, \"pk\": 5, \"locked\": false, \"depth\": 4, \"first_published_at\": null, \"resource_url\": \"http://www.google.com\", \"heading\": \"Google\", \"expire_at\": null}", "approved_go_live_at": null}}, {"model": "wagtailcore.pagerevision", "pk": 3, "fields": {"page": 5, "submitted_for_moderation": false, "created_at": "2017-04-28T11:47:54.978Z", "user": 2, "content_json": "{\"search_description\": \"\", \"owner\": 1, \"tagged_audience_items\": [{\"pk\": null, \"tag\": 3, \"content_object\": 5}, {\"pk\": null, \"tag\": 4, \"content_object\": 5}], \"latest_revision_created_at\": \"2017-04-28T11:44:47.219Z\", \"go_live_at\": null, \"title\": \"Google\", \"seo_title\": \"\", \"slug\": \"google\", \"live\": true, \"has_unpublished_changes\": false, \"tagged_items\": [{\"pk\": null, \"tag\": 2, \"content_object\": 5}], \"body\": \"<p>Google is the most popular search engine on the web.</p>\", \"tagged_content_items\": [{\"pk\": null, \"tag\": 1, \"content_object\": 5}], \"numchild\": 0, \"content_type\": 13, \"show_in_menus\": false, \"path\": \"0001000100010001\", \"url_path\": \"/home/resources/google/\", \"expired\": false, \"pk\": 5, \"locked\": false, \"depth\": 4, \"first_published_at\": \"2017-04-28T11:44:47.244Z\", \"resource_url\": \"http://www.google.com\", \"heading\": \"Google\", \"expire_at\": null}", "approved_go_live_at": null}}, {"model": "wagtailcore.pagerevision", "pk": 4, "fields": {"page": 5, "submitted_for_moderation": false, "created_at": "2017-04-28T12:16:56.875Z", "user": 2, "content_json": "{\"search_description\": \"\", \"owner\": 1, \"tagged_audience_items\": [{\"pk\": null, \"tag\": 3, \"content_object\": 5}, {\"pk\": null, \"tag\": 4, \"content_object\": 5}], \"latest_revision_created_at\": \"2017-04-28T11:47:54.978Z\", \"go_live_at\": null, \"title\": \"Google\", \"seo_title\": \"\", \"slug\": \"google\", \"live\": true, \"has_unpublished_changes\": false, \"tagged_items\": [{\"pk\": null, \"tag\": 2, \"content_object\": 5}], \"body\": \"<p>Google is the most popular search engine on the web.</p>\", \"tagged_content_items\": [{\"pk\": null, \"tag\": 1, \"content_object\": 5}], \"numchild\": 0, \"content_type\": 13, \"show_in_menus\": false, \"path\": \"0001000100010001\", \"url_path\": \"/home/resources/google/\", \"expired\": false, \"pk\": 5, \"locked\": false, \"depth\": 4, \"first_published_at\": \"2017-04-28T11:44:47.244Z\", \"resource_url\": \"http://www.google.com\", \"heading\": \"Google\", \"expire_at\": null}", "approved_go_live_at": null}}, {"model": "wagtailcore.pagerevision", "pk": 5, "fields": {"page": 6, "submitted_for_moderation": false, "created_at": "2017-04-28T12:28:13.369Z", "user": 2, "content_json": "{\"search_description\": \"\", \"owner\": 1, \"tagged_audience_items\": [], \"latest_revision_created_at\": null, \"go_live_at\": null, \"title\": \"Bing\", \"seo_title\": \"\", \"slug\": \"bing\", \"live\": true, \"has_unpublished_changes\": false, \"tagged_items\": [{\"pk\": 4, \"tag\": 2, \"content_object\": 6}], \"body\": \"<p>Bing is not the most popular search engine on the web.</p>\", \"tagged_content_items\": [], \"numchild\": 0, \"content_type\": 13, \"show_in_menus\": false, \"path\": \"0001000100010002\", \"url_path\": \"/home/resources/bing/\", \"expired\": false, \"pk\": 6, \"locked\": false, \"depth\": 4, \"first_published_at\": null, \"resource_url\": \"http://www.bing.com\", \"heading\": \"Bing\", \"expire_at\": null}", "approved_go_live_at": null}}, {"model": "wagtailcore.pagerevision", "pk": 6, "fields": {"page": 7, "submitted_for_moderation": false, "created_at": "2017-04-28T12:33:50.969Z", "user": 2, "content_json": "{\"search_description\": \"\", \"owner\": 1, \"tagged_audience_items\": [], \"latest_revision_created_at\": null, \"go_live_at\": null, \"title\": \"Sleepio\", \"seo_title\": \"\", \"slug\": \"sleepio\", \"live\": true, \"has_unpublished_changes\": false, \"tagged_items\": [{\"pk\": 5, \"tag\": 2, \"content_object\": 7}], \"body\": \"<p>Sleepio is a tailored self-help CBT\\u00a0(cognitive behavioural therapy)\\u00a0system. You will take a Sleep Test questionnaire and then the system will tailor a programme to meet your needs. This programme will adapt as you progress through the course.</p><p><br/></p><p>You can access some content for free. Sleepio costs \\u00a3200 for the full CBT course.</p>\", \"tagged_content_items\": [{\"pk\": 4, \"tag\": 5, \"content_object\": 7}, {\"pk\": 5, \"tag\": 6, \"content_object\": 7}], \"numchild\": 0, \"content_type\": 13, \"show_in_menus\": false, \"path\": \"0001000100010003\", \"url_path\": \"/home/resources/sleepio/\", \"expired\": false, \"pk\": 7, \"locked\": false, \"depth\": 4, \"first_published_at\": null, \"resource_url\": \"https://www.sleepio.com/\", \"heading\": \"Sleepio\", \"expire_at\": null}", "approved_go_live_at": null}}, {"model": "wagtailcore.pagerevision", "pk": 7, "fields": {"page": 7, "submitted_for_moderation": false, "created_at": "2017-04-28T12:34:48.917Z", "user": 2, "content_json": "{\"search_description\": \"\", \"owner\": 1, \"tagged_audience_items\": [], \"latest_revision_created_at\": \"2017-04-28T12:33:50.969Z\", \"go_live_at\": null, \"title\": \"Sleepio\", \"seo_title\": \"\", \"slug\": \"sleepio\", \"live\": true, \"has_unpublished_changes\": false, \"tagged_items\": [{\"pk\": null, \"tag\": 2, \"content_object\": 7}], \"body\": \"<p>Sleepio is a tailored self-help CBT\\u00a0(<a href=\\\"https://en.wikipedia.org/wiki/Cognitive_behavioral_therapy\\\">cognitive behavioural therapy</a>)\\u00a0system. You will take a Sleep Test questionnaire and then the system will tailor a programme to meet your needs. This programme will adapt as you progress through the course.</p><p><br/></p><p>You can access some content for free. Sleepio costs \\u00a3200 for the full CBT course.</p>\", \"tagged_content_items\": [{\"pk\": null, \"tag\": 5, \"content_object\": 7}, {\"pk\": null, \"tag\": 6, \"content_object\": 7}], \"numchild\": 0, \"content_type\": 13, \"show_in_menus\": false, \"path\": \"0001000100010003\", \"url_path\": \"/home/resources/sleepio/\", \"expired\": false, \"pk\": 7, \"locked\": false, \"depth\": 4, \"first_published_at\": \"2017-04-28T12:33:50.993Z\", \"resource_url\": \"https://www.sleepio.com/\", \"heading\": \"Sleepio\", \"expire_at\": null}", "approved_go_live_at": null}}, {"model": "wagtailcore.pagerevision", "pk": 8, "fields": {"page": 8, "submitted_for_moderation": false, "created_at": "2017-04-28T14:49:10.946Z", "user": 2, "content_json": "{\"search_description\": \"\", \"owner\": 1, \"tagged_audience_items\": [], \"latest_revision_created_at\": null, \"go_live_at\": null, \"title\": \"Test\", \"seo_title\": \"\", \"slug\": \"test\", \"live\": true, \"has_unpublished_changes\": false, \"tagged_items\": [{\"pk\": 7, \"tag\": 8, \"content_object\": 8}], \"body\": \"<p>This is a test\\u00a0consectetur adipiscing eros justo bibendium. Proin sodales pulvinar tempor. Cum sociis natoque penatibus et magnis dis parturient montes, nascetur ridiculus mus. Nam fermentum, nulla luctus pharetra vulputate</p>\", \"tagged_content_items\": [{\"pk\": 8, \"tag\": 1, \"content_object\": 8}, {\"pk\": 9, \"tag\": 7, \"content_object\": 8}], \"numchild\": 0, \"content_type\": 13, \"show_in_menus\": false, \"path\": \"0001000100010004\", \"url_path\": \"/home/resources/test/\", \"expired\": false, \"pk\": 8, \"locked\": false, \"depth\": 4, \"first_published_at\": null, \"resource_url\": \"http://www.github.com\", \"heading\": \"Test Resource\", \"expire_at\": null}", "approved_go_live_at": null}}, {"model": "wagtailcore.pagerevision", "pk": 9, "fields": {"page": 4, "submitted_for_moderation": false, "created_at": "2017-04-28T15:49:23.350Z", "user": 2, "content_json": "{\"search_description\": \"\", \"owner\": 1, \"latest_revision_created_at\": \"2017-04-28T11:44:12.865Z\", \"go_live_at\": null, \"title\": \"Resources\", \"seo_title\": \"\", \"slug\": \"resources\", \"live\": true, \"has_unpublished_changes\": false, \"body\": \"<p>LDMW</p>\", \"numchild\": 4, \"content_type\": 2, \"show_in_menus\": false, \"path\": \"000100010001\", \"url_path\": \"/home/resources/\", \"expired\": false, \"pk\": 4, \"locked\": false, \"footer\": \"\", \"depth\": 3, \"first_published_at\": \"2017-04-28T11:44:12.883Z\", \"expire_at\": null}", "approved_go_live_at": null}}, {"model": "wagtailcore.pagerevision", "pk": 10, "fields": {"page": 3, "submitted_for_moderation": false, "created_at": "2017-04-28T15:50:19.624Z", "user": 2, "content_json": "{\"search_description\": \"\", \"owner\": null, \"latest_revision_created_at\": null, \"go_live_at\": null, \"title\": \"Homepage\", \"seo_title\": \"\", \"slug\": \"home\", \"live\": true, \"has_unpublished_changes\": false, \"body\": \"<p>LDMW</p>\", \"numchild\": 1, \"content_type\": 2, \"show_in_menus\": false, \"path\": \"00010001\", \"url_path\": \"/home/\", \"expired\": false, \"pk\": 3, \"locked\": false, \"footer\": \"\", \"depth\": 2, \"first_published_at\": null, \"expire_at\": null}", "approved_go_live_at": null}}, {"model": "wagtailcore.pagerevision", "pk": 11, "fields": {"page": 6, "submitted_for_moderation": false, "created_at": "2017-05-02T15:23:03.208Z", "user": 2, "content_json": "{\"search_description\": \"\", \"owner\": 1, \"tagged_audience_items\": [{\"pk\": null, \"tag\": 3, \"content_object\": 6}], \"latest_revision_created_at\": \"2017-04-28T12:28:13.369Z\", \"go_live_at\": null, \"title\": \"Bing\", \"seo_title\": \"\", \"slug\": \"bing\", \"live\": true, \"has_unpublished_changes\": false, \"tagged_items\": [{\"pk\": null, \"tag\": 2, \"content_object\": 6}], \"body\": \"<p>Bing is not the most popular search engine on the web.</p>\", \"tagged_content_items\": [], \"numchild\": 0, \"content_type\": 13, \"show_in_menus\": false, \"path\": \"0001000100010002\", \"url_path\": \"/home/resources/bing/\", \"expired\": false, \"pk\": 6, \"locked\": false, \"depth\": 4, \"first_published_at\": \"2017-04-28T12:28:13.392Z\", \"resource_url\": \"http://www.bing.com\", \"heading\": \"Bing\", \"expire_at\": null}", "approved_go_live_at": null}}, {"model": "wagtailcore.pagerevision", "pk": 12, "fields": {"page": 9, "submitted_for_moderation": false, "created_at": "2017-05-04T10:44:23.277Z", "user": 1, "content_json": "{\"pk\": 9, \"path\": \"0001000100010005\", \"depth\": 4, \"numchild\": 0, \"title\": \"Article\", \"slug\": \"article\", \"content_type\": 7, \"live\": true, \"has_unpublished_changes\": false, \"url_path\": \"/home/resources/article/\", \"owner\": 1, \"seo_title\": \"\", \"show_in_menus\": false, \"search_description\": \"\", \"go_live_at\": null, \"expire_at\": null, \"expired\": false, \"locked\": false, \"first_published_at\": null, \"latest_revision_created_at\": null, \"heading\": \"article\", \"body\": \"<h4>article body</h4>\", \"article_tagged_items\": [{\"pk\": 1, \"tag\": 2, \"content_object\": 9}], \"article_tagged_audience_items\": [], \"article_tagged_content_items\": []}", "approved_go_live_at": null}}, {"model": "wagtailcore.page", "pk": 1, "fields": {"path": "0001", "depth": 1, "numchild": 1, "title": "Root", "slug": "root", "content_type": 1, "live": true, "has_unpublished_changes": false, "url_path": "/", "owner": null, "seo_title": "", "show_in_menus": false, "search_description": "", "go_live_at": null, "expire_at": null, "expired": false, "locked": false, "first_published_at": null, "latest_revision_created_at": null}}, {"model": "wagtailcore.page", "pk": 3, "fields": {"path": "00010001", "depth": 2, "numchild": 1, "title": "Homepage", "slug": "home", "content_type": 2, "live": true, "has_unpublished_changes": false, "url_path": "/home/", "owner": null, "seo_title": "", "show_in_menus": false, "search_description": "", "go_live_at": null, "expire_at": null, "expired": false, "locked": false, "first_published_at": "2017-04-28T15:50:19.643Z", "latest_revision_created_at": "2017-04-28T15:50:19.624Z"}}, {"model": "wagtailcore.page", "pk": 4, "fields": {"path": "000100010001", "depth": 3, "numchild": 5, "title": "Resources", "slug": "resources", "content_type": 2, "live": true, "has_unpublished_changes": false, "url_path": "/home/resources/", "owner": 2, "seo_title": "", "show_in_menus": false, "search_description": "", "go_live_at": null, "expire_at": null, "expired": false, "locked": false, "first_published_at": "2017-04-28T11:44:12.883Z", "latest_revision_created_at": "2017-04-28T15:49:23.350Z"}}, {"model": "wagtailcore.page", "pk": 5, "fields": {"path": "0001000100010001", "depth": 4, "numchild": 0, "title": "Google", "slug": "google", "content_type": 11, "live": true, "has_unpublished_changes": false, "url_path": "/home/resources/google/", "owner": 2, "seo_title": "", "show_in_menus": false, "search_description": "", "go_live_at": null, "expire_at": null, "expired": false, "locked": false, "first_published_at": "2017-04-28T11:44:47.244Z", "latest_revision_created_at": "2017-04-28T12:16:56.875Z"}}, {"model": "wagtailcore.page", "pk": 6, "fields": {"path": "0001000100010002", "depth": 4, "numchild": 0, "title": "Bing", "slug": "bing", "content_type": 11, "live": true, "has_unpublished_changes": false, "url_path": "/home/resources/bing/", "owner": 2, "seo_title": "", "show_in_menus": false, "search_description": "", "go_live_at": null, "expire_at": null, "expired": false, "locked": false, "first_published_at": "2017-04-28T12:28:13.392Z", "latest_revision_created_at": "2017-05-02T15:23:03.208Z"}}, {"model": "wagtailcore.page", "pk": 7, "fields": {"path": "0001000100010003", "depth": 4, "numchild": 0, "title": "Sleepio", "slug": "sleepio", "content_type": 11, "live": true, "has_unpublished_changes": false, "url_path": "/home/resources/sleepio/", "owner": 2, "seo_title": "", "show_in_menus": false, "search_description": "", "go_live_at": null, "expire_at": null, "expired": false, "locked": false, "first_published_at": "2017-04-28T12:33:50.993Z", "latest_revision_created_at": "2017-04-28T12:34:48.917Z"}}, {"model": "wagtailcore.page", "pk": 8, "fields": {"path": "0001000100010004", "depth": 4, "numchild": 0, "title": "Test", "slug": "test", "content_type": 11, "live": true, "has_unpublished_changes": false, "url_path": "/home/resources/test/", "owner": 2, "seo_title": "", "show_in_menus": false, "search_description": "", "go_live_at": null, "expire_at": null, "expired": false, "locked": false, "first_published_at": "2017-04-28T14:49:10.974Z", "latest_revision_created_at": "2017-04-28T14:49:10.946Z"}}, {"model": "wagtailcore.page", "pk": 9, "fields": {"path": "0001000100010005", "depth": 4, "numchild": 0, "title": "Article", "slug": "article", "content_type": 7, "live": true, "has_unpublished_changes": false, "url_path": "/home/resources/article/", "owner": 1, "seo_title": "", "show_in_menus": false, "search_description": "", "go_live_at": null, "expire_at": null, "expired": false, "locked": false, "first_published_at": "2017-05-04T10:44:23.311Z", "latest_revision_created_at": "2017-05-04T10:44:23.277Z"}}, {"model": "resources.resourcepage", "pk": 4, "fields": {"heading": "res heading", "resource_url": "https://gitter.im/foundersandcoders/FAC10", "body": "<p>res body</p>"}}, {"model": "resources.resourcepage", "pk": 5, "fields": {"heading": "Google", "resource_url": "http://www.google.com", "body": "<p>Google is the most popular search engine on the web.</p>"}}, {"model": "resources.resourcepage", "pk": 6, "fields": {"heading": "Bing", "resource_url": "http://www.bing.com", "body": "<p>Bing is not the most popular search engine on the web.</p>"}}, {"model": "resources.resourcepage", "pk": 7, "fields": {"heading": "Sleepio", "resource_url": "https://www.sleepio.com/", "body": "<p>Sleepio is a tailored self-help CBT\u00a0(<a href=\"https://en.wikipedia.org/wiki/Cognitive_behavioral_therapy\">cognitive behavioural therapy</a>)\u00a0system. You will take a Sleep Test questionnaire and then the system will tailor a programme to meet your needs. This programme will adapt as you progress through the course.</p><p><br/></p><p>You can access some content for free. Sleepio costs \u00a3200 for the full CBT course.</p>"}}, {"model": "resources.resourcepage", "pk": 8, "fields": {"heading": "Test Resource", "resource_url": "http://www.github.com", "body": "<p>This is a test\u00a0consectetur adipiscing eros justo bibendium. Proin sodales pulvinar tempor. Cum sociis natoque penatibus et magnis dis parturient montes, nascetur ridiculus mus. Nam fermentum, nulla luctus pharetra vulputate</p>"}}, {"model": "articles.articlepage", "pk": 4, "fields": {"heading": "", "body": "<p>hello\u00a0insomnia</p>"}}, {"model": "articles.articlepage", "pk": 5, "fields": {"heading": "", "body": "<p>hello fatigue</p>"}}, {"model": "articles.articlepage", "pk": 9, "fields": {"heading": "article", "body": "<h4>article body</h4>"}}, {"model": "home.homepage", "pk": 3, "fields": {"body": "<p>LDMW</p>", "alphatext": "", "footer": ""}}, {"model": "home.homepage", "pk": 4, "fields": {"body": "<p>LDMW</p>", "alphatext": "", "footer": ""}}]