[{"model": "resources.categorytag", "pk": 3, "fields": {"tag": 2, "content_object": 5}}, {"model": "resources.categorytag", "pk": 6, "fields": {"tag": 2, "content_object": 7}}, {"model": "resources.categorytag", "pk": 7, "fields": {"tag": 8, "content_object": 8}}, {"model": "resources.categorytag", "pk": 8, "fields": {"tag": 2, "content_object": 6}}, {"model": "resources.audiencetag", "pk": 5, "fields": {"tag": 3, "content_object": 5}}, {"model": "resources.audiencetag", "pk": 6, "fields": {"tag": 4, "content_object": 5}}, {"model": "resources.audiencetag", "pk": 7, "fields": {"tag": 3, "content_object": 6}}, {"model": "resources.contenttag", "pk": 3, "fields": {"tag": 1, "content_object": 5}}, {"model": "resources.contenttag", "pk": 6, "fields": {"tag": 5, "content_object": 7}}, {"model": "resources.contenttag", "pk": 7, "fields": {"tag": 6, "content_object": 7}}, {"model": "resources.contenttag", "pk": 8, "fields": {"tag": 1, "content_object": 8}}, {"model": "resources.contenttag", "pk": 9, "fields": {"tag": 7, "content_object": 8}}, {"model": "wagtailcore.site", "fields": {"hostname": "localhost", "port": 80, "site_name": null, "root_page": 3, "is_default_site": true}}, {"model": "wagtailcore.collection", "pk": 1, "fields": {"path": "0001", "depth": 1, "numchild": 0, "name": "Root"}}, {"model": "taggit.tag", "pk": 1, "fields": {"name": "free", "slug": "free"}}, {"model": "taggit.tag", "pk": 2, "fields": {"name": "insomnia", "slug": "insomnia"}}, {"model": "taggit.tag", "pk": 3, "fields": {"name": "men", "slug": "men"}}, {"model": "taggit.tag", "pk": 4, "fields": {"name": "women", "slug": "women"}}, {"model": "taggit.tag", "pk": 5, "fields": {"name": "course", "slug": "course"}}, {"model": "taggit.tag", "pk": 6, "fields": {"name": "paid", "slug": "paid"}}, {"model": "taggit.tag", "pk": 7, "fields": {"name": "blog", "slug": "blog"}}, {"model": "taggit.tag", "pk": 8, "fields": {"name": "fatigue", "slug": "fatigue"}}, {"model": "contenttypes.contenttype", "fields": {"app_label": "wagtailcore", "model": "page"}}, {"model": "contenttypes.contenttype", "fields": {"app_label": "home", "model": "homepage"}}, {"model": "contenttypes.contenttype", "fields": {"app_label": "wagtailadmin", "model": "admin"}}, {"model": "contenttypes.contenttype", "fields": {"app_label": "wagtaildocs", "model": "document"}}, {"model": "contenttypes.contenttype", "fields": {"app_label": "wagtailimages", "model": "image"}}, {"model": "contenttypes.contenttype", "fields": {"app_label": "articles", "model": "contenttag"}}, {"model": "contenttypes.contenttype", "fields": {"app_label": "articles", "model": "audiencetag"}}, {"model": "contenttypes.contenttype", "fields": {"app_label": "articles", "model": "categorytag"}}, {"model": "contenttypes.contenttype", "fields": {"app_label": "articles", "model": "articlepage"}}, {"model": "contenttypes.contenttype", "fields": {"app_label": "resources", "model": "contenttag"}}, {"model": "contenttypes.contenttype", "fields": {"app_label": "resources", "model": "audiencetag"}}, {"model": "contenttypes.contenttype", "fields": {"app_label": "resources", "model": "categorytag"}}, {"model": "contenttypes.contenttype", "fields": {"app_label": "resources", "model": "resourcepage"}}, {"model": "contenttypes.contenttype", "fields": {"app_label": "wagtailforms", "model": "formsubmission"}}, {"model": "contenttypes.contenttype", "fields": {"app_label": "wagtailredirects", "model": "redirect"}}, {"model": "contenttypes.contenttype", "fields": {"app_label": "wagtailembeds", "model": "embed"}}, {"model": "contenttypes.contenttype", "fields": {"app_label": "wagtailusers", "model": "userprofile"}}, {"model": "contenttypes.contenttype", "fields": {"app_label": "wagtailimages", "model": "filter"}}, {"model": "contenttypes.contenttype", "fields": {"app_label": "wagtailimages", "model": "rendition"}}, {"model": "contenttypes.contenttype", "fields": {"app_label": "wagtailsearch", "model": "query"}}, {"model": "contenttypes.contenttype", "fields": {"app_label": "wagtailsearch", "model": "querydailyhits"}}, {"model": "contenttypes.contenttype", "fields": {"app_label": "wagtailcore", "model": "grouppagepermission"}}, {"model": "contenttypes.contenttype", "fields": {"app_label": "wagtailcore", "model": "groupcollectionpermission"}}, {"model": "contenttypes.contenttype", "fields": {"app_label": "wagtailcore", "model": "pageviewrestriction"}}, {"model": "contenttypes.contenttype", "fields": {"app_label": "wagtailcore", "model": "site"}}, {"model": "contenttypes.contenttype", "fields": {"app_label": "wagtailcore", "model": "collection"}}, {"model": "contenttypes.contenttype", "fields": {"app_label": "wagtailcore", "model": "pagerevision"}}, {"model": "contenttypes.contenttype", "fields": {"app_label": "taggit", "model": "taggeditem"}}, {"model": "contenttypes.contenttype", "fields": {"app_label": "taggit", "model": "tag"}}, {"model": "contenttypes.contenttype", "fields": {"app_label": "admin", "model": "logentry"}}, {"model": "contenttypes.contenttype", "fields": {"app_label": "auth", "model": "group"}}, {"model": "contenttypes.contenttype", "fields": {"app_label": "auth", "model": "permission"}}, {"model": "contenttypes.contenttype", "fields": {"app_label": "auth", "model": "user"}}, {"model": "contenttypes.contenttype", "fields": {"app_label": "contenttypes", "model": "contenttype"}}, {"model": "contenttypes.contenttype", "fields": {"app_label": "sessions", "model": "session"}}, {"model": "sessions.session", "pk": "r45vx2coe43yeb1d6wdkh1ftwn02m2b5", "fields": {"session_data": "NDgwYWQwZDgyNTdkZWMxMmZmYWZmYmViZDM0M2RkY2VkNGY1NWIwMzp7Il9hdXRoX3VzZXJfaGFzaCI6IjVkZDBkYTI3MWVhZDM3OGVkMDc3MTMxOGZiMTY1OWE5M2RiNmM1M2UiLCJfYXV0aF91c2VyX2JhY2tlbmQiOiJkamFuZ28uY29udHJpYi5hdXRoLmJhY2tlbmRzLk1vZGVsQmFja2VuZCIsIl9hdXRoX3VzZXJfaWQiOiIxIn0=", "expire_date": "2017-05-12T11:44:00.775Z"}}, {"model": "auth.permission", "fields": {"name": "Can access Wagtail admin", "content_type": ["wagtailadmin", "admin"], "codename": "access_admin"}}, {"model": "auth.permission", "fields": {"name": "Can add document", "content_type": ["wagtaildocs", "document"], "codename": "add_document"}}, {"model": "auth.permission", "fields": {"name": "Can change document", "content_type": ["wagtaildocs", "document"], "codename": "change_document"}}, {"model": "auth.permission", "fields": {"name": "Can delete document", "content_type": ["wagtaildocs", "document"], "codename": "delete_document"}}, {"model": "auth.permission", "fields": {"name": "Can add image", "content_type": ["wagtailimages", "image"], "codename": "add_image"}}, {"model": "auth.permission", "fields": {"name": "Can change image", "content_type": ["wagtailimages", "image"], "codename": "change_image"}}, {"model": "auth.permission", "fields": {"name": "Can delete image", "content_type": ["wagtailimages", "image"], "codename": "delete_image"}}, {"model": "auth.permission", "fields": {"name": "Can add home page", "content_type": ["home", "homepage"], "codename": "add_homepage"}}, {"model": "auth.permission", "fields": {"name": "Can change home page", "content_type": ["home", "homepage"], "codename": "change_homepage"}}, {"model": "auth.permission", "fields": {"name": "Can delete home page", "content_type": ["home", "homepage"], "codename": "delete_homepage"}}, {"model": "auth.permission", "fields": {"name": "Can add content tag", "content_type": ["articles", "contenttag"], "codename": "add_contenttag"}}, {"model": "auth.permission", "fields": {"name": "Can change content tag", "content_type": ["articles", "contenttag"], "codename": "change_contenttag"}}, {"model": "auth.permission", "fields": {"name": "Can delete content tag", "content_type": ["articles", "contenttag"], "codename": "delete_contenttag"}}, {"model": "auth.permission", "fields": {"name": "Can add audience tag", "content_type": ["articles", "audiencetag"], "codename": "add_audiencetag"}}, {"model": "auth.permission", "fields": {"name": "Can change audience tag", "content_type": ["articles", "audiencetag"], "codename": "change_audiencetag"}}, {"model": "auth.permission", "fields": {"name": "Can delete audience tag", "content_type": ["articles", "audiencetag"], "codename": "delete_audiencetag"}}, {"model": "auth.permission", "fields": {"name": "Can add category tag", "content_type": ["articles", "categorytag"], "codename": "add_categorytag"}}, {"model": "auth.permission", "fields": {"name": "Can change category tag", "content_type": ["articles", "categorytag"], "codename": "change_categorytag"}}, {"model": "auth.permission", "fields": {"name": "Can delete category tag", "content_type": ["articles", "categorytag"], "codename": "delete_categorytag"}}, {"model": "auth.permission", "fields": {"name": "Can add Article", "content_type": ["articles", "articlepage"], "codename": "add_articlepage"}}, {"model": "auth.permission", "fields": {"name": "Can change Article", "content_type": ["articles", "articlepage"], "codename": "change_articlepage"}}, {"model": "auth.permission", "fields": {"name": "Can delete Article", "content_type": ["articles", "articlepage"], "codename": "delete_articlepage"}}, {"model": "auth.permission", "fields": {"name": "Can add content tag", "content_type": ["resources", "contenttag"], "codename": "add_contenttag"}}, {"model": "auth.permission", "fields": {"name": "Can change content tag", "content_type": ["resources", "contenttag"], "codename": "change_contenttag"}}, {"model": "auth.permission", "fields": {"name": "Can delete content tag", "content_type": ["resources", "contenttag"], "codename": "delete_contenttag"}}, {"model": "auth.permission", "fields": {"name": "Can add audience tag", "content_type": ["resources", "audiencetag"], "codename": "add_audiencetag"}}, {"model": "auth.permission", "fields": {"name": "Can change audience tag", "content_type": ["resources", "audiencetag"], "codename": "change_audiencetag"}}, {"model": "auth.permission", "fields": {"name": "Can delete audience tag", "content_type": ["resources", "audiencetag"], "codename": "delete_audiencetag"}}, {"model": "auth.permission", "fields": {"name": "Can add category tag", "content_type": ["resources", "categorytag"], "codename": "add_categorytag"}}, {"model": "auth.permission", "fields": {"name": "Can change category tag", "content_type": ["resources", "categorytag"], "codename": "change_categorytag"}}, {"model": "auth.permission", "fields": {"name": "Can delete category tag", "content_type": ["resources", "categorytag"], "codename": "delete_categorytag"}}, {"model": "auth.permission", "fields": {"name": "Can add Resource", "content_type": ["resources", "resourcepage"], "codename": "add_resourcepage"}}, {"model": "auth.permission", "fields": {"name": "Can change Resource", "content_type": ["resources", "resourcepage"], "codename": "change_resourcepage"}}, {"model": "auth.permission", "fields": {"name": "Can delete Resource", "content_type": ["resources", "resourcepage"], "codename": "delete_resourcepage"}}, {"model": "auth.permission", "fields": {"name": "Can add form submission", "content_type": ["wagtailforms", "formsubmission"], "codename": "add_formsubmission"}}, {"model": "auth.permission", "fields": {"name": "Can change form submission", "content_type": ["wagtailforms", "formsubmission"], "codename": "change_formsubmission"}}, {"model": "auth.permission", "fields": {"name": "Can delete form submission", "content_type": ["wagtailforms", "formsubmission"], "codename": "delete_formsubmission"}}, {"model": "auth.permission", "fields": {"name": "Can add redirect", "content_type": ["wagtailredirects", "redirect"], "codename": "add_redirect"}}, {"model": "auth.permission", "fields": {"name": "Can change redirect", "content_type": ["wagtailredirects", "redirect"], "codename": "change_redirect"}}, {"model": "auth.permission", "fields": {"name": "Can delete redirect", "content_type": ["wagtailredirects", "redirect"], "codename": "delete_redirect"}}, {"model": "auth.permission", "fields": {"name": "Can add embed", "content_type": ["wagtailembeds", "embed"], "codename": "add_embed"}}, {"model": "auth.permission", "fields": {"name": "Can change embed", "content_type": ["wagtailembeds", "embed"], "codename": "change_embed"}}, {"model": "auth.permission", "fields": {"name": "Can delete embed", "content_type": ["wagtailembeds", "embed"], "codename": "delete_embed"}}, {"model": "auth.permission", "fields": {"name": "Can add user profile", "content_type": ["wagtailusers", "userprofile"], "codename": "add_userprofile"}}, {"model": "auth.permission", "fields": {"name": "Can change user profile", "content_type": ["wagtailusers", "userprofile"], "codename": "change_userprofile"}}, {"model": "auth.permission", "fields": {"name": "Can delete user profile", "content_type": ["wagtailusers", "userprofile"], "codename": "delete_userprofile"}}, {"model": "auth.permission", "fields": {"name": "Can add filter", "content_type": ["wagtailimages", "filter"], "codename": "add_filter"}}, {"model": "auth.permission", "fields": {"name": "Can change filter", "content_type": ["wagtailimages", "filter"], "codename": "change_filter"}}, {"model": "auth.permission", "fields": {"name": "Can delete filter", "content_type": ["wagtailimages", "filter"], "codename": "delete_filter"}}, {"model": "auth.permission", "fields": {"name": "Can add rendition", "content_type": ["wagtailimages", "rendition"], "codename": "add_rendition"}}, {"model": "auth.permission", "fields": {"name": "Can change rendition", "content_type": ["wagtailimages", "rendition"], "codename": "change_rendition"}}, {"model": "auth.permission", "fields": {"name": "Can delete rendition", "content_type": ["wagtailimages", "rendition"], "codename": "delete_rendition"}}, {"model": "auth.permission", "fields": {"name": "Can add query", "content_type": ["wagtailsearch", "query"], "codename": "add_query"}}, {"model": "auth.permission", "fields": {"name": "Can change query", "content_type": ["wagtailsearch", "query"], "codename": "change_query"}}, {"model": "auth.permission", "fields": {"name": "Can delete query", "content_type": ["wagtailsearch", "query"], "codename": "delete_query"}}, {"model": "auth.permission", "fields": {"name": "Can add Query Daily Hits", "content_type": ["wagtailsearch", "querydailyhits"], "codename": "add_querydailyhits"}}, {"model": "auth.permission", "fields": {"name": "Can change Query Daily Hits", "content_type": ["wagtailsearch", "querydailyhits"], "codename": "change_querydailyhits"}}, {"model": "auth.permission", "fields": {"name": "Can delete Query Daily Hits", "content_type": ["wagtailsearch", "querydailyhits"], "codename": "delete_querydailyhits"}}, {"model": "auth.permission", "fields": {"name": "Can add group page permission", "content_type": ["wagtailcore", "grouppagepermission"], "codename": "add_grouppagepermission"}}, {"model": "auth.permission", "fields": {"name": "Can change group page permission", "content_type": ["wagtailcore", "grouppagepermission"], "codename": "change_grouppagepermission"}}, {"model": "auth.permission", "fields": {"name": "Can delete group page permission", "content_type": ["wagtailcore", "grouppagepermission"], "codename": "delete_grouppagepermission"}}, {"model": "auth.permission", "fields": {"name": "Can add group collection permission", "content_type": ["wagtailcore", "groupcollectionpermission"], "codename": "add_groupcollectionpermission"}}, {"model": "auth.permission", "fields": {"name": "Can change group collection permission", "content_type": ["wagtailcore", "groupcollectionpermission"], "codename": "change_groupcollectionpermission"}}, {"model": "auth.permission", "fields": {"name": "Can delete group collection permission", "content_type": ["wagtailcore", "groupcollectionpermission"], "codename": "delete_groupcollectionpermission"}}, {"model": "auth.permission", "fields": {"name": "Can add page view restriction", "content_type": ["wagtailcore", "pageviewrestriction"], "codename": "add_pageviewrestriction"}}, {"model": "auth.permission", "fields": {"name": "Can change page view restriction", "content_type": ["wagtailcore", "pageviewrestriction"], "codename": "change_pageviewrestriction"}}, {"model": "auth.permission", "fields": {"name": "Can delete page view restriction", "content_type": ["wagtailcore", "pageviewrestriction"], "codename": "delete_pageviewrestriction"}}, {"model": "auth.permission", "fields": {"name": "Can add site", "content_type": ["wagtailcore", "site"], "codename": "add_site"}}, {"model": "auth.permission", "fields": {"name": "Can change site", "content_type": ["wagtailcore", "site"], "codename": "change_site"}}, {"model": "auth.permission", "fields": {"name": "Can delete site", "content_type": ["wagtailcore", "site"], "codename": "delete_site"}}, {"model": "auth.permission", "fields": {"name": "Can add page", "content_type": ["wagtailcore", "page"], "codename": "add_page"}}, {"model": "auth.permission", "fields": {"name": "Can change page", "content_type": ["wagtailcore", "page"], "codename": "change_page"}}, {"model": "auth.permission", "fields": {"name": "Can delete page", "content_type": ["wagtailcore", "page"], "codename": "delete_page"}}, {"model": "auth.permission", "fields": {"name": "Can add collection", "content_type": ["wagtailcore", "collection"], "codename": "add_collection"}}, {"model": "auth.permission", "fields": {"name": "Can change collection", "content_type": ["wagtailcore", "collection"], "codename": "change_collection"}}, {"model": "auth.permission", "fields": {"name": "Can delete collection", "content_type": ["wagtailcore", "collection"], "codename": "delete_collection"}}, {"model": "auth.permission", "fields": {"name": "Can add page revision", "content_type": ["wagtailcore", "pagerevision"], "codename": "add_pagerevision"}}, {"model": "auth.permission", "fields": {"name": "Can change page revision", "content_type": ["wagtailcore", "pagerevision"], "codename": "change_pagerevision"}}, {"model": "auth.permission", "fields": {"name": "Can delete page revision", "content_type": ["wagtailcore", "pagerevision"], "codename": "delete_pagerevision"}}, {"model": "auth.permission", "fields": {"name": "Can add Tagged Item", "content_type": ["taggit", "taggeditem"], "codename": "add_taggeditem"}}, {"model": "auth.permission", "fields": {"name": "Can change Tagged Item", "content_type": ["taggit", "taggeditem"], "codename": "change_taggeditem"}}, {"model": "auth.permission", "fields": {"name": "Can delete Tagged Item", "content_type": ["taggit", "taggeditem"], "codename": "delete_taggeditem"}}, {"model": "auth.permission", "fields": {"name": "Can add Tag", "content_type": ["taggit", "tag"], "codename": "add_tag"}}, {"model": "auth.permission", "fields": {"name": "Can change Tag", "content_type": ["taggit", "tag"], "codename": "change_tag"}}, {"model": "auth.permission", "fields": {"name": "Can delete Tag", "content_type": ["taggit", "tag"], "codename": "delete_tag"}}, {"model": "auth.permission", "fields": {"name": "Can add log entry", "content_type": ["admin", "logentry"], "codename": "add_logentry"}}, {"model": "auth.permission", "fields": {"name": "Can change log entry", "content_type": ["admin", "logentry"], "codename": "change_logentry"}}, {"model": "auth.permission", "fields": {"name": "Can delete log entry", "content_type": ["admin", "logentry"], "codename": "delete_logentry"}}, {"model": "auth.permission", "fields": {"name": "Can add group", "content_type": ["auth", "group"], "codename": "add_group"}}, {"model": "auth.permission", "fields": {"name": "Can change group", "content_type": ["auth", "group"], "codename": "change_group"}}, {"model": "auth.permission", "fields": {"name": "Can delete group", "content_type": ["auth", "group"], "codename": "delete_group"}}, {"model": "auth.permission", "fields": {"name": "Can add permission", "content_type": ["auth", "permission"], "codename": "add_permission"}}, {"model": "auth.permission", "fields": {"name": "Can change permission", "content_type": ["auth", "permission"], "codename": "change_permission"}}, {"model": "auth.permission", "fields": {"name": "Can delete permission", "content_type": ["auth", "permission"], "codename": "delete_permission"}}, {"model": "auth.permission", "fields": {"name": "Can add user", "content_type": ["auth", "user"], "codename": "add_user"}}, {"model": "auth.permission", "fields": {"name": "Can change user", "content_type": ["auth", "user"], "codename": "change_user"}}, {"model": "auth.permission", "fields": {"name": "Can delete user", "content_type": ["auth", "user"], "codename": "delete_user"}}, {"model": "auth.permission", "fields": {"name": "Can add content type", "content_type": ["contenttypes", "contenttype"], "codename": "add_contenttype"}}, {"model": "auth.permission", "fields": {"name": "Can change content type", "content_type": ["contenttypes", "contenttype"], "codename": "change_contenttype"}}, {"model": "auth.permission", "fields": {"name": "Can delete content type", "content_type": ["contenttypes", "contenttype"], "codename": "delete_contenttype"}}, {"model": "auth.permission", "fields": {"name": "Can add session", "content_type": ["sessions", "session"], "codename": "add_session"}}, {"model": "auth.permission", "fields": {"name": "Can change session", "content_type": ["sessions", "session"], "codename": "change_session"}}, {"model": "auth.permission", "fields": {"name": "Can delete session", "content_type": ["sessions", "session"], "codename": "delete_session"}}, {"model": "auth.group", "fields": {"name": "Moderators", "permissions": [["access_admin", "wagtailadmin", "admin"], ["add_document", "wagtaildocs", "document"], ["change_document", "wagtaildocs", "document"], ["delete_document", "wagtaildocs", "document"], ["add_image", "wagtailimages", "image"], ["change_image", "wagtailimages", "image"], ["delete_image", "wagtailimages", "image"]]}}, {"model": "auth.group", "fields": {"name": "Editors", "permissions": [["access_admin", "wagtailadmin", "admin"], ["add_document", "wagtaildocs", "document"], ["change_document", "wagtaildocs", "document"], ["delete_document", "wagtaildocs", "document"], ["add_image", "wagtailimages", "image"], ["change_image", "wagtailimages", "image"], ["delete_image", "wagtailimages", "image"]]}}, {"model": "auth.user", "fields": {"password": "bcrypt_sha256$$2b$12$uk9gmdWdQngiGsAO2qhX2OGBJPeQXZNk1uMu3wxo0Fz1LEqv.HFFK", "last_login": "2017-04-28T11:44:00.772Z", "is_superuser": true, "username": "daniel", "first_name": "", "last_name": "", "email": "", "is_staff": true, "is_active": true, "date_joined": "2017-04-28T11:43:48.652Z", "groups": [], "user_permissions": []}}, {"model": "wagtailcore.groupcollectionpermission", "pk": 1, "fields": {"group": ["Moderators"], "collection": 1, "permission": ["add_document", "wagtaildocs", "document"]}}, {"model": "wagtailcore.groupcollectionpermission", "pk": 2, "fields": {"group": ["Editors"], "collection": 1, "permission": ["add_document", "wagtaildocs", "document"]}}, {"model": "wagtailcore.groupcollectionpermission", "pk": 3, "fields": {"group": ["Moderators"], "collection": 1, "permission": ["change_document", "wagtaildocs", "document"]}}, {"model": "wagtailcore.groupcollectionpermission", "pk": 4, "fields": {"group": ["Editors"], "collection": 1, "permission": ["change_document", "wagtaildocs", "document"]}}, {"model": "wagtailcore.groupcollectionpermission", "pk": 5, "fields": {"group": ["Moderators"], "collection": 1, "permission": ["add_image", "wagtailimages", "image"]}}, {"model": "wagtailcore.groupcollectionpermission", "pk": 6, "fields": {"group": ["Editors"], "collection": 1, "permission": ["add_image", "wagtailimages", "image"]}}, {"model": "wagtailcore.groupcollectionpermission", "pk": 7, "fields": {"group": ["Moderators"], "collection": 1, "permission": ["change_image", "wagtailimages", "image"]}}, {"model": "wagtailcore.groupcollectionpermission", "pk": 8, "fields": {"group": ["Editors"], "collection": 1, "permission": ["change_image", "wagtailimages", "image"]}}, {"model": "wagtailcore.grouppagepermission", "pk": 1, "fields": {"group": ["Moderators"], "page": 1, "permission_type": "add"}}, {"model": "wagtailcore.grouppagepermission", "pk": 2, "fields": {"group": ["Moderators"], "page": 1, "permission_type": "edit"}}, {"model": "wagtailcore.grouppagepermission", "pk": 3, "fields": {"group": ["Moderators"], "page": 1, "permission_type": "publish"}}, {"model": "wagtailcore.grouppagepermission", "pk": 4, "fields": {"group": ["Editors"], "page": 1, "permission_type": "add"}}, {"model": "wagtailcore.grouppagepermission", "pk": 5, "fields": {"group": ["Editors"], "page": 1, "permission_type": "edit"}}, {"model": "wagtailcore.grouppagepermission", "pk": 6, "fields": {"group": ["Moderators"], "page": 1, "permission_type": "lock"}}, {"model": "wagtailcore.pagerevision", "pk": 1, "fields": {"page": 4, "submitted_for_moderation": false, "created_at": "2017-04-28T11:44:12.865Z", "user": ["daniel"], "content_json": "{\"search_description\": \"\", \"owner\": 1, \"latest_revision_created_at\": null, \"go_live_at\": null, \"title\": \"Resources\", \"seo_title\": \"\", \"slug\": \"resources\", \"live\": true, \"has_unpublished_changes\": false, \"body\": \"\", \"numchild\": 0, \"content_type\": 2, \"show_in_menus\": false, \"path\": \"000100010001\", \"url_path\": \"/home/resources/\", \"expired\": false, \"pk\": 4, \"locked\": false, \"footer\": \"\", \"depth\": 3, \"first_published_at\": null, \"expire_at\": null}", "approved_go_live_at": null}}, {"model": "wagtailcore.pagerevision", "pk": 2, "fields": {"page": 5, "submitted_for_moderation": false, "created_at": "2017-04-28T11:44:47.219Z", "user": ["daniel"], "content_json": "{\"search_description\": \"\", \"owner\": 1, \"tagged_audience_items\": [{\"pk\": 1, \"tag\": 3, \"content_object\": 5}, {\"pk\": 2, \"tag\": 4, \"content_object\": 5}], \"latest_revision_created_at\": null, \"go_live_at\": null, \"title\": \"Google\", \"seo_title\": \"\", \"slug\": \"google\", \"live\": true, \"has_unpublished_changes\": false, \"tagged_items\": [{\"pk\": 1, \"tag\": 2, \"content_object\": 5}], \"tagged_content_items\": [{\"pk\": 1, \"tag\": 1, \"content_object\": 5}], \"numchild\": 0, \"content_type\": 13, \"show_in_menus\": false, \"path\": \"0001000100010001\", \"url_path\": \"/home/resources/google/\", \"expired\": false, \"pk\": 5, \"locked\": false, \"depth\": 4, \"first_published_at\": null, \"resource_url\": \"http://www.google.com\", \"heading\": \"Google\", \"expire_at\": null}", "approved_go_live_at": null}}, {"model": "wagtailcore.pagerevision", "pk": 3, "fields": {"page": 5, "submitted_for_moderation": false, "created_at": "2017-04-28T11:47:54.978Z", "user": ["daniel"], "content_json": "{\"search_description\": \"\", \"owner\": 1, \"tagged_audience_items\": [{\"pk\": null, \"tag\": 3, \"content_object\": 5}, {\"pk\": null, \"tag\": 4, \"content_object\": 5}], \"latest_revision_created_at\": \"2017-04-28T11:44:47.219Z\", \"go_live_at\": null, \"title\": \"Google\", \"seo_title\": \"\", \"slug\": \"google\", \"live\": true, \"has_unpublished_changes\": false, \"tagged_items\": [{\"pk\": null, \"tag\": 2, \"content_object\": 5}], \"body\": \"<p>Google is the most popular search engine on the web.</p>\", \"tagged_content_items\": [{\"pk\": null, \"tag\": 1, \"content_object\": 5}], \"numchild\": 0, \"content_type\": 13, \"show_in_menus\": false, \"path\": \"0001000100010001\", \"url_path\": \"/home/resources/google/\", \"expired\": false, \"pk\": 5, \"locked\": false, \"depth\": 4, \"first_published_at\": \"2017-04-28T11:44:47.244Z\", \"resource_url\": \"http://www.google.com\", \"heading\": \"Google\", \"expire_at\": null}", "approved_go_live_at": null}}, {"model": "wagtailcore.pagerevision", "pk": 4, "fields": {"page": 5, "submitted_for_moderation": false, "created_at": "2017-04-28T12:16:56.875Z", "user": ["daniel"], "content_json": "{\"search_description\": \"\", \"owner\": 1, \"tagged_audience_items\": [{\"pk\": null, \"tag\": 3, \"content_object\": 5}, {\"pk\": null, \"tag\": 4, \"content_object\": 5}], \"latest_revision_created_at\": \"2017-04-28T11:47:54.978Z\", \"go_live_at\": null, \"title\": \"Google\", \"seo_title\": \"\", \"slug\": \"google\", \"live\": true, \"has_unpublished_changes\": false, \"tagged_items\": [{\"pk\": null, \"tag\": 2, \"content_object\": 5}], \"body\": \"<p>Google is the most popular search engine on the web.</p>\", \"tagged_content_items\": [{\"pk\": null, \"tag\": 1, \"content_object\": 5}], \"numchild\": 0, \"content_type\": 13, \"show_in_menus\": false, \"path\": \"0001000100010001\", \"url_path\": \"/home/resources/google/\", \"expired\": false, \"pk\": 5, \"locked\": false, \"depth\": 4, \"first_published_at\": \"2017-04-28T11:44:47.244Z\", \"resource_url\": \"http://www.google.com\", \"heading\": \"Google\", \"expire_at\": null}", "approved_go_live_at": null}}, {"model": "wagtailcore.pagerevision", "pk": 5, "fields": {"page": 6, "submitted_for_moderation": false, "created_at": "2017-04-28T12:28:13.369Z", "user": ["daniel"], "content_json": "{\"search_description\": \"\", \"owner\": 1, \"tagged_audience_items\": [], \"latest_revision_created_at\": null, \"go_live_at\": null, \"title\": \"Bing\", \"seo_title\": \"\", \"slug\": \"bing\", \"live\": true, \"has_unpublished_changes\": false, \"tagged_items\": [{\"pk\": 4, \"tag\": 2, \"content_object\": 6}], \"body\": \"<p>Bing is not the most popular search engine on the web.</p>\", \"tagged_content_items\": [], \"numchild\": 0, \"content_type\": 13, \"show_in_menus\": false, \"path\": \"0001000100010002\", \"url_path\": \"/home/resources/bing/\", \"expired\": false, \"pk\": 6, \"locked\": false, \"depth\": 4, \"first_published_at\": null, \"resource_url\": \"http://www.bing.com\", \"heading\": \"Bing\", \"expire_at\": null}", "approved_go_live_at": null}}, {"model": "wagtailcore.pagerevision", "pk": 6, "fields": {"page": 7, "submitted_for_moderation": false, "created_at": "2017-04-28T12:33:50.969Z", "user": ["daniel"], "content_json": "{\"search_description\": \"\", \"owner\": 1, \"tagged_audience_items\": [], \"latest_revision_created_at\": null, \"go_live_at\": null, \"title\": \"Sleepio\", \"seo_title\": \"\", \"slug\": \"sleepio\", \"live\": true, \"has_unpublished_changes\": false, \"tagged_items\": [{\"pk\": 5, \"tag\": 2, \"content_object\": 7}], \"body\": \"<p>Sleepio is a tailored self-help CBT\\u00a0(cognitive behavioural therapy)\\u00a0system. You will take a Sleep Test questionnaire and then the system will tailor a programme to meet your needs. This programme will adapt as you progress through the course.</p><p><br/></p><p>You can access some content for free. Sleepio costs \\u00a3200 for the full CBT course.</p>\", \"tagged_content_items\": [{\"pk\": 4, \"tag\": 5, \"content_object\": 7}, {\"pk\": 5, \"tag\": 6, \"content_object\": 7}], \"numchild\": 0, \"content_type\": 13, \"show_in_menus\": false, \"path\": \"0001000100010003\", \"url_path\": \"/home/resources/sleepio/\", \"expired\": false, \"pk\": 7, \"locked\": false, \"depth\": 4, \"first_published_at\": null, \"resource_url\": \"https://www.sleepio.com/\", \"heading\": \"Sleepio\", \"expire_at\": null}", "approved_go_live_at": null}}, {"model": "wagtailcore.pagerevision", "pk": 7, "fields": {"page": 7, "submitted_for_moderation": false, "created_at": "2017-04-28T12:34:48.917Z", "user": ["daniel"], "content_json": "{\"search_description\": \"\", \"owner\": 1, \"tagged_audience_items\": [], \"latest_revision_created_at\": \"2017-04-28T12:33:50.969Z\", \"go_live_at\": null, \"title\": \"Sleepio\", \"seo_title\": \"\", \"slug\": \"sleepio\", \"live\": true, \"has_unpublished_changes\": false, \"tagged_items\": [{\"pk\": null, \"tag\": 2, \"content_object\": 7}], \"body\": \"<p>Sleepio is a tailored self-help CBT\\u00a0(<a href=\\\"https://en.wikipedia.org/wiki/Cognitive_behavioral_therapy\\\">cognitive behavioural therapy</a>)\\u00a0system. You will take a Sleep Test questionnaire and then the system will tailor a programme to meet your needs. This programme will adapt as you progress through the course.</p><p><br/></p><p>You can access some content for free. Sleepio costs \\u00a3200 for the full CBT course.</p>\", \"tagged_content_items\": [{\"pk\": null, \"tag\": 5, \"content_object\": 7}, {\"pk\": null, \"tag\": 6, \"content_object\": 7}], \"numchild\": 0, \"content_type\": 13, \"show_in_menus\": false, \"path\": \"0001000100010003\", \"url_path\": \"/home/resources/sleepio/\", \"expired\": false, \"pk\": 7, \"locked\": false, \"depth\": 4, \"first_published_at\": \"2017-04-28T12:33:50.993Z\", \"resource_url\": \"https://www.sleepio.com/\", \"heading\": \"Sleepio\", \"expire_at\": null}", "approved_go_live_at": null}}, {"model": "wagtailcore.pagerevision", "pk": 8, "fields": {"page": 8, "submitted_for_moderation": false, "created_at": "2017-04-28T14:49:10.946Z", "user": ["daniel"], "content_json": "{\"search_description\": \"\", \"owner\": 1, \"tagged_audience_items\": [], \"latest_revision_created_at\": null, \"go_live_at\": null, \"title\": \"Test\", \"seo_title\": \"\", \"slug\": \"test\", \"live\": true, \"has_unpublished_changes\": false, \"tagged_items\": [{\"pk\": 7, \"tag\": 8, \"content_object\": 8}], \"body\": \"<p>This is a test\\u00a0consectetur adipiscing eros justo bibendium. Proin sodales pulvinar tempor. Cum sociis natoque penatibus et magnis dis parturient montes, nascetur ridiculus mus. Nam fermentum, nulla luctus pharetra vulputate</p>\", \"tagged_content_items\": [{\"pk\": 8, \"tag\": 1, \"content_object\": 8}, {\"pk\": 9, \"tag\": 7, \"content_object\": 8}], \"numchild\": 0, \"content_type\": 13, \"show_in_menus\": false, \"path\": \"0001000100010004\", \"url_path\": \"/home/resources/test/\", \"expired\": false, \"pk\": 8, \"locked\": false, \"depth\": 4, \"first_published_at\": null, \"resource_url\": \"http://www.github.com\", \"heading\": \"Test Resource\", \"expire_at\": null}", "approved_go_live_at": null}}, {"model": "wagtailcore.pagerevision", "pk": 9, "fields": {"page": 4, "submitted_for_moderation": false, "created_at": "2017-04-28T15:49:23.350Z", "user": ["daniel"], "content_json": "{\"search_description\": \"\", \"owner\": 1, \"latest_revision_created_at\": \"2017-04-28T11:44:12.865Z\", \"go_live_at\": null, \"title\": \"Resources\", \"seo_title\": \"\", \"slug\": \"resources\", \"live\": true, \"has_unpublished_changes\": false, \"body\": \"<p>LDMW</p>\", \"numchild\": 4, \"content_type\": 2, \"show_in_menus\": false, \"path\": \"000100010001\", \"url_path\": \"/home/resources/\", \"expired\": false, \"pk\": 4, \"locked\": false, \"footer\": \"\", \"depth\": 3, \"first_published_at\": \"2017-04-28T11:44:12.883Z\", \"expire_at\": null}", "approved_go_live_at": null}}, {"model": "wagtailcore.pagerevision", "pk": 10, "fields": {"page": 3, "submitted_for_moderation": false, "created_at": "2017-04-28T15:50:19.624Z", "user": ["daniel"], "content_json": "{\"search_description\": \"\", \"owner\": null, \"latest_revision_created_at\": null, \"go_live_at\": null, \"title\": \"Homepage\", \"seo_title\": \"\", \"slug\": \"home\", \"live\": true, \"has_unpublished_changes\": false, \"body\": \"<p>LDMW</p>\", \"numchild\": 1, \"content_type\": 2, \"show_in_menus\": false, \"path\": \"00010001\", \"url_path\": \"/home/\", \"expired\": false, \"pk\": 3, \"locked\": false, \"footer\": \"\", \"depth\": 2, \"first_published_at\": null, \"expire_at\": null}", "approved_go_live_at": null}}, {"model": "wagtailcore.pagerevision", "pk": 11, "fields": {"page": 6, "submitted_for_moderation": false, "created_at": "2017-05-02T15:23:03.208Z", "user": ["daniel"], "content_json": "{\"search_description\": \"\", \"owner\": 1, \"tagged_audience_items\": [{\"pk\": null, \"tag\": 3, \"content_object\": 6}], \"latest_revision_created_at\": \"2017-04-28T12:28:13.369Z\", \"go_live_at\": null, \"title\": \"Bing\", \"seo_title\": \"\", \"slug\": \"bing\", \"live\": true, \"has_unpublished_changes\": false, \"tagged_items\": [{\"pk\": null, \"tag\": 2, \"content_object\": 6}], \"body\": \"<p>Bing is not the most popular search engine on the web.</p>\", \"tagged_content_items\": [], \"numchild\": 0, \"content_type\": 13, \"show_in_menus\": false, \"path\": \"0001000100010002\", \"url_path\": \"/home/resources/bing/\", \"expired\": false, \"pk\": 6, \"locked\": false, \"depth\": 4, \"first_published_at\": \"2017-04-28T12:28:13.392Z\", \"resource_url\": \"http://www.bing.com\", \"heading\": \"Bing\", \"expire_at\": null}", "approved_go_live_at": null}}, {"model": "wagtailcore.page", "pk": 1, "fields": {"path": "0001", "depth": 1, "numchild": 1, "title": "Root", "slug": "root", "content_type": ["wagtailcore", "page"], "live": true, "has_unpublished_changes": false, "url_path": "/", "owner": null, "seo_title": "", "show_in_menus": false, "search_description": "", "go_live_at": null, "expire_at": null, "expired": false, "locked": false, "first_published_at": null, "latest_revision_created_at": null}}, {"model": "wagtailcore.page", "pk": 3, "fields": {"path": "00010001", "depth": 2, "numchild": 1, "title": "Homepage", "slug": "home", "content_type": ["home", "homepage"], "live": true, "has_unpublished_changes": false, "url_path": "/home/", "owner": null, "seo_title": "", "show_in_menus": false, "search_description": "", "go_live_at": null, "expire_at": null, "expired": false, "locked": false, "first_published_at": "2017-04-28T15:50:19.643Z", "latest_revision_created_at": "2017-04-28T15:50:19.624Z"}}, {"model": "wagtailcore.page", "pk": 4, "fields": {"path": "000100010001", "depth": 3, "numchild": 4, "title": "Resources", "slug": "resources", "content_type": ["home", "homepage"], "live": true, "has_unpublished_changes": false, "url_path": "/home/resources/", "owner": ["daniel"], "seo_title": "", "show_in_menus": false, "search_description": "", "go_live_at": null, "expire_at": null, "expired": false, "locked": false, "first_published_at": "2017-04-28T11:44:12.883Z", "latest_revision_created_at": "2017-04-28T15:49:23.350Z"}}, {"model": "wagtailcore.page", "pk": 5, "fields": {"path": "0001000100010001", "depth": 4, "numchild": 0, "title": "Google", "slug": "google", "content_type": ["resources", "resourcepage"], "live": true, "has_unpublished_changes": false, "url_path": "/home/resources/google/", "owner": ["daniel"], "seo_title": "", "show_in_menus": false, "search_description": "", "go_live_at": null, "expire_at": null, "expired": false, "locked": false, "first_published_at": "2017-04-28T11:44:47.244Z", "latest_revision_created_at": "2017-04-28T12:16:56.875Z"}}, {"model": "wagtailcore.page", "pk": 6, "fields": {"path": "0001000100010002", "depth": 4, "numchild": 0, "title": "Bing", "slug": "bing", "content_type": ["resources", "resourcepage"], "live": true, "has_unpublished_changes": false, "url_path": "/home/resources/bing/", "owner": ["daniel"], "seo_title": "", "show_in_menus": false, "search_description": "", "go_live_at": null, "expire_at": null, "expired": false, "locked": false, "first_published_at": "2017-04-28T12:28:13.392Z", "latest_revision_created_at": "2017-05-02T15:23:03.208Z"}}, {"model": "wagtailcore.page", "pk": 7, "fields": {"path": "0001000100010003", "depth": 4, "numchild": 0, "title": "Sleepio", "slug": "sleepio", "content_type": ["resources", "resourcepage"], "live": true, "has_unpublished_changes": false, "url_path": "/home/resources/sleepio/", "owner": ["daniel"], "seo_title": "", "show_in_menus": false, "search_description": "", "go_live_at": null, "expire_at": null, "expired": false, "locked": false, "first_published_at": "2017-04-28T12:33:50.993Z", "latest_revision_created_at": "2017-04-28T12:34:48.917Z"}}, {"model": "wagtailcore.page", "pk": 8, "fields": {"path": "0001000100010004", "depth": 4, "numchild": 0, "title": "Test", "slug": "test", "content_type": ["resources", "resourcepage"], "live": true, "has_unpublished_changes": false, "url_path": "/home/resources/test/", "owner": ["daniel"], "seo_title": "", "show_in_menus": false, "search_description": "", "go_live_at": null, "expire_at": null, "expired": false, "locked": false, "first_published_at": "2017-04-28T14:49:10.974Z", "latest_revision_created_at": "2017-04-28T14:49:10.946Z"}}, {"model": "resources.resourcepage", "pk": 5, "fields": {"heading": "Google", "resource_url": "http://www.google.com", "body": "<p>Google is the most popular search engine on the web.</p>"}}, {"model": "resources.resourcepage", "pk": 6, "fields": {"heading": "Bing", "resource_url": "http://www.bing.com", "body": "<p>Bing is not the most popular search engine on the web.</p>"}}, {"model": "resources.resourcepage", "pk": 7, "fields": {"heading": "Sleepio", "resource_url": "https://www.sleepio.com/", "body": "<p>Sleepio is a tailored self-help CBT\u00a0(<a href=\"https://en.wikipedia.org/wiki/Cognitive_behavioral_therapy\">cognitive behavioural therapy</a>)\u00a0system. You will take a Sleep Test questionnaire and then the system will tailor a programme to meet your needs. This programme will adapt as you progress through the course.</p><p><br/></p><p>You can access some content for free. Sleepio costs \u00a3200 for the full CBT course.</p>"}}, {"model": "resources.resourcepage", "pk": 8, "fields": {"heading": "Test Resource", "resource_url": "http://www.github.com", "body": "<p>This is a test\u00a0consectetur adipiscing eros justo bibendium. Proin sodales pulvinar tempor. Cum sociis natoque penatibus et magnis dis parturient montes, nascetur ridiculus mus. Nam fermentum, nulla luctus pharetra vulputate</p>"}}, {"model": "home.homepage", "pk": 3, "fields": {"body": "<p>LDMW</p>", "alphatext": "", "footer": ""}}, {"model": "home.homepage", "pk": 4, "fields": {"body": "<p>LDMW</p>", "alphatext": "", "footer": ""}}]